{
    "time_stamp": "07-11-2021_07:34:13",
    "confusion_matrix": [
        [
            3422,
            1109
        ],
        [
            367,
            1135
        ]
    ],
    "precision": 0.5057932263814616,
    "recall": 0.7556591211717709,
    "f1_score": 0.6059797116924719
}